epoch,time,train/box_loss,train/cls_loss,train/dfl_loss,metrics/precision(B),metrics/recall(B),metrics/mAP50(B),metrics/mAP50-95(B),val/box_loss,val/cls_loss,val/dfl_loss,lr/pg0,lr/pg1
1,252.947,0.64618,0.56547,0.85448,0.90803,0.91256,0.95077,0.86064,0.42952,0.34832,0.81018,0.000499878,0.00999756
2,505.782,0.53742,0.38624,0.82179,0.91397,0.91758,0.95781,0.88512,0.3697,0.31452,0.80084,0.000499512,0.00999023
3,758.542,0.51196,0.36399,0.8157,0.91827,0.91886,0.95985,0.88411,0.38499,0.31406,0.79833,0.000498902,0.00997803
4,1010.08,0.48237,0.34919,0.81147,0.9197,0.91972,0.96073,0.89585,0.34885,0.2952,0.79566,0.000498048,0.00996097
5,1263.64,0.46035,0.33728,0.80838,0.92131,0.92081,0.96167,0.90004,0.33894,0.289,0.79406,0.000496953,0.00993906
6,1516.05,0.45078,0.33044,0.80661,0.92187,0.92121,0.96203,0.90236,0.33318,0.28749,0.79221,0.000495616,0.00991232
7,1768.84,0.44261,0.32361,0.80548,0.92338,0.9226,0.96294,0.90406,0.33114,0.28127,0.79066,0.000494039,0.00988079
8,2020.97,0.43763,0.31955,0.80395,0.92358,0.92427,0.96333,0.90556,0.32628,0.27767,0.79065,0.000492224,0.00984449
9,2273.27,0.43479,0.31569,0.8026,0.92505,0.9245,0.96381,0.90837,0.32124,0.2748,0.78935,0.000490173,0.00980345
10,2525.56,0.42991,0.31328,0.80204,0.92591,0.9249,0.96418,0.90928,0.3193,0.27251,0.78855,0.000487886,0.00975773
11,2778.64,0.4257,0.30909,0.80133,0.92682,0.9256,0.96455,0.91057,0.31677,0.26897,0.78802,0.000485368,0.00970736
12,3030.69,0.42268,0.3078,0.80067,0.9269,0.92648,0.96569,0.91177,0.31391,0.26602,0.78761,0.00048262,0.00965239
13,3283.26,0.42033,0.30409,0.80013,0.92734,0.92752,0.96601,0.91243,inf,0.26458,0.78736,0.000479644,0.00959289
14,3535.54,0.41719,0.30229,0.79937,0.92753,0.92694,0.96707,0.91383,0.31028,0.26305,0.78701,0.000476445,0.00952889
15,3789.1,0.41421,0.30027,0.79901,0.92824,0.92779,0.96737,0.91462,0.30807,0.26185,0.78657,0.000473024,0.00946048
16,4040.18,0.41036,0.29858,0.79877,0.92905,0.9277,0.96763,0.91548,0.30677,0.2596,0.78643,0.000469386,0.00938772
17,4293.95,0.40815,0.29534,0.79809,0.92851,0.9288,0.9679,0.91639,inf,0.25824,0.78585,0.000465534,0.00931067
18,4546.17,0.4071,0.29468,0.79769,0.92989,0.92794,0.96811,0.91748,inf,0.25685,0.78555,0.000461471,0.00922942
19,4798.3,0.40418,0.29239,0.79707,0.93048,0.92771,0.96826,0.91809,0.30229,0.25552,0.78522,0.000457202,0.00914405
20,5050.4,0.40237,0.2917,0.79698,0.93071,0.92829,0.96843,0.91849,0.30057,0.25439,0.78517,0.000452732,0.00905463
21,5302.89,0.40059,0.28985,0.79664,0.93008,0.92912,0.96862,0.9193,inf,0.25348,0.78477,0.000448063,0.00896127
22,5555.31,0.39996,0.28888,0.79603,0.93113,0.92852,0.96879,0.91994,0.29806,0.25196,0.78439,0.000443202,0.00886404
23,5807.48,0.39723,0.28755,0.79595,0.93119,0.9291,0.96891,0.92052,inf,0.25067,0.78424,0.000438152,0.00876305
24,6060.27,0.39604,0.28628,0.79549,0.93175,0.92884,0.9691,0.92115,0.29594,0.24984,0.78405,0.00043292,0.00865839
25,6312.62,0.39351,0.28423,0.79531,0.93084,0.93,0.97041,0.92151,0.29475,0.24927,0.78386,0.000427509,0.00855018
26,6563.89,0.39412,0.2847,0.7952,0.93099,0.9301,0.97047,0.92204,inf,0.24814,0.78372,0.000421925,0.00843851
27,6817.37,0.39038,0.28312,0.79482,0.93277,0.92887,0.97063,0.92226,0.29324,0.2478,0.78358,0.000416175,0.00832349
28,7069.86,0.39015,0.282,0.79445,0.93128,0.93045,0.97077,0.92297,0.29233,0.24687,0.78339,0.000410262,0.00820525
29,7321.47,0.38807,0.28071,0.7945,0.9314,0.93062,0.97086,0.92335,0.29149,0.24643,0.78322,0.000404194,0.00808389
30,7573.12,0.38639,0.27965,0.79433,0.93161,0.93083,0.97103,0.92369,0.29093,0.24536,0.7831,0.000397977,0.00795954
31,7824.62,0.38577,0.27895,0.79405,0.932,0.93068,0.97108,0.92383,0.29022,0.24503,0.78294,0.000391616,0.00783231
32,8076.88,0.38492,0.27826,0.79381,0.93157,0.93132,0.97115,0.92398,0.28955,0.24459,0.78278,0.000385117,0.00770234
33,8328.11,0.38378,0.27777,0.79359,0.9318,0.93126,0.97122,0.92417,0.28868,0.24386,0.7826,0.000378488,0.00756976
34,8580.95,0.38346,0.27707,0.79353,0.93158,0.93166,0.97128,0.92429,0.28809,0.24327,0.78247,0.000371734,0.00743468
35,8833.66,0.38182,0.27576,0.79342,0.93188,0.93161,0.97137,0.9247,0.28745,0.24295,0.78236,0.000364863,0.00729725
36,9085.54,0.38044,0.27533,0.79308,0.93231,0.93135,0.97147,0.92491,0.28678,0.24223,0.78226,0.00035788,0.00715761
37,9337.31,0.37991,0.27433,0.79269,0.93195,0.93176,0.97155,0.92533,0.28631,0.24192,0.78218,0.000350794,0.00701588
38,9589.54,0.37796,0.27288,0.79254,0.93188,0.93207,0.9716,0.92561,0.28581,0.24154,0.7821,0.000343611,0.00687222
39,9842.79,0.37782,0.27298,0.79227,0.93203,0.93198,0.97167,0.92574,0.28531,0.24102,0.782,0.000336338,0.00672675
40,10095.4,0.37742,0.27302,0.79222,0.93224,0.93192,0.97173,0.92612,0.28481,0.24057,0.78189,0.000328982,0.00657963
41,10347.2,0.37617,0.2712,0.79218,0.9323,0.93197,0.97176,0.92619,0.28452,0.24023,0.78179,0.00032155,0.00643101
42,10599.3,0.37514,0.27037,0.79199,0.93219,0.93224,0.97182,0.92635,0.28424,0.24001,0.78173,0.000314051,0.00628101
43,10851.1,0.3736,0.27001,0.79173,0.93223,0.93226,0.97188,0.92645,0.28391,0.23982,0.78167,0.00030649,0.00612981
44,11103.6,0.37352,0.26984,0.79175,0.93226,0.93227,0.97192,0.92661,0.28349,0.23953,0.7816,0.000298877,0.00597754
45,11356.3,0.37239,0.26902,0.7914,0.93231,0.93237,0.97196,0.92671,0.28326,0.23923,0.78154,0.000291218,0.00582435
46,11607.9,0.37117,0.26799,0.79138,0.93216,0.93258,0.972,0.92683,0.28289,0.239,0.78149,0.00028352,0.0056704
47,11860.2,0.37074,0.26735,0.79116,0.93245,0.93239,0.97203,0.92699,0.28268,0.23878,0.78144,0.000275792,0.00551584
48,12112,0.36944,0.26683,0.79131,0.93248,0.93241,0.97204,0.92703,0.28243,0.23853,0.7814,0.000268041,0.00536081
49,12363.5,0.36927,0.26659,0.79102,0.9326,0.93245,0.97209,0.9271,0.28215,0.2383,0.78136,0.000260274,0.00520548
50,12615.7,0.36736,0.26512,0.7909,0.93241,0.93275,0.97211,0.92713,0.2821,0.2382,0.78132,0.0002525,0.00505
51,12867.7,0.36715,0.26471,0.79078,0.9325,0.93274,0.97214,0.92732,inf,0.23791,0.78126,0.000244726,0.00489452
52,13119.9,0.36639,0.26479,0.79073,0.93289,0.93246,0.97215,0.92723,inf,0.23776,0.78123,0.000236959,0.00473919
53,13370.9,0.36553,0.26406,0.79058,0.93271,0.93263,0.97218,0.9276,inf,0.23754,0.78118,0.000229208,0.00458416
54,13623.4,0.36518,0.26312,0.79026,0.93274,0.9327,0.9722,0.9277,0.28119,0.23743,0.78114,0.00022148,0.0044296
55,13876.6,0.36593,0.26274,0.79044,0.93312,0.93242,0.97222,0.92778,0.281,0.23722,0.78111,0.000213782,0.00427565
56,14128.6,0.36375,0.26208,0.79028,0.93294,0.93268,0.97224,0.92792,inf,0.23715,0.78107,0.000206123,0.00412246
57,14381.9,0.36424,0.262,0.79011,0.93291,0.9328,0.97227,0.92798,0.28067,0.23699,0.78104,0.00019851,0.00397019
58,14634.5,0.36261,0.26075,0.78984,0.93329,0.93247,0.9723,0.92816,0.28043,0.23681,0.78101,0.000190949,0.00381899
59,14886.2,0.36299,0.26092,0.78978,0.93331,0.93252,0.97232,0.92818,0.2803,0.23668,0.78097,0.00018345,0.00366899
60,15138.3,0.36196,0.26041,0.78984,0.93338,0.93253,0.97233,0.92823,inf,0.2365,0.78094,0.000176018,0.00352037
61,15391.3,0.3609,0.25971,0.7897,0.93346,0.93253,0.97236,0.92829,0.27991,0.23633,0.7809,0.000168662,0.00337325
62,15643.3,0.36085,0.25921,0.78995,0.93355,0.93249,0.97238,0.92845,0.27969,0.23621,0.78085,0.000161389,0.00322778
63,15895.8,0.36152,0.25895,0.78949,0.93354,0.93248,0.9724,0.9285,0.27966,0.23613,0.78083,0.000154206,0.00308412
64,16147.9,0.36066,0.2591,0.78952,0.93362,0.93248,0.97242,0.92855,0.27942,0.23597,0.78079,0.00014712,0.00294239
65,16401.4,0.36034,0.25867,0.78941,0.93363,0.93244,0.97244,0.92868,0.27925,0.23586,0.78076,0.000140137,0.00280275
66,16653.1,0.35942,0.25839,0.78918,0.93363,0.93245,0.97245,0.92894,0.27923,0.23578,0.78073,0.000133266,0.00266532
67,16906.2,0.35925,0.25782,0.78907,0.93344,0.93273,0.97248,0.92908,0.279,0.23569,0.78069,0.000126512,0.00253024
68,17158.5,0.35898,0.25744,0.78933,0.93347,0.93274,0.97249,0.92909,0.27891,0.2356,0.78067,0.000119883,0.00239766
69,17410.5,0.35846,0.25718,0.78906,0.93351,0.9327,0.9725,0.92917,0.27864,0.23547,0.78063,0.000113384,0.00226769
70,17662.6,0.35714,0.25604,0.78893,0.93319,0.9331,0.97252,0.92933,0.27857,0.23525,0.78061,0.000107023,0.00214046
71,17915.5,0.35794,0.25693,0.78901,0.933,0.93334,0.97254,0.92936,0.27845,0.23506,0.78057,0.000100806,0.00201611
72,18167.9,0.35629,0.25526,0.78878,0.93306,0.93337,0.97256,0.92952,0.27813,0.23488,0.78054,9.47376e-05,0.00189475
73,18420.4,0.35668,0.25569,0.78895,0.93307,0.93335,0.97258,0.92957,0.27804,0.23478,0.78051,8.88253e-05,0.00177651
74,18673.1,0.35651,0.25543,0.78885,0.93283,0.9336,0.97259,0.92962,0.2779,0.23469,0.78049,8.30746e-05,0.00166149
75,18926.3,0.35694,0.25527,0.78889,0.93316,0.93333,0.97261,0.92966,0.27776,0.23452,0.78046,7.74911e-05,0.00154982
76,19178.1,0.35597,0.25488,0.78887,0.93329,0.93328,0.97262,0.92973,0.2776,0.23455,0.78043,7.20803e-05,0.00144161
77,19431.9,0.35621,0.25464,0.78846,0.93335,0.93326,0.97264,0.92974,0.27746,0.23445,0.78041,6.68475e-05,0.00133695
78,19684.1,0.35458,0.25445,0.78873,0.93341,0.93323,0.97265,0.92977,0.27739,0.23442,0.78039,6.1798e-05,0.00123596
79,19936.1,0.35569,0.25458,0.7886,0.93342,0.93326,0.97266,0.9298,0.27727,0.23424,0.78036,5.69366e-05,0.00113873
80,20188.1,0.35536,0.25419,0.78859,0.93354,0.9332,0.97268,0.92987,0.27701,0.2341,0.78034,5.22683e-05,0.00104537
81,20440.3,0.35474,0.25397,0.78846,0.93329,0.93345,0.97269,0.92988,0.27692,0.23402,0.78031,4.77976e-05,0.000955951
82,20693.1,0.35549,0.25402,0.78853,0.93337,0.93338,0.97271,0.92992,0.27679,0.23387,0.78029,4.35288e-05,0.000870577
83,20945.6,0.35361,0.25291,0.78834,0.93344,0.93338,0.97272,0.92993,0.27671,0.23386,0.78026,3.94663e-05,0.000789327
84,21198.4,0.3547,0.25339,0.78847,0.93351,0.93334,0.97274,0.92996,0.27664,0.23383,0.78024,3.56141e-05,0.000712282
85,21450.8,0.35398,0.253,0.78843,0.93357,0.93333,0.97275,0.92998,0.27661,0.23374,0.78023,3.19759e-05,0.000639518
86,21702.4,0.3538,0.25282,0.7883,0.9336,0.9333,0.97276,0.93012,0.27645,0.23356,0.7802,2.85553e-05,0.000571106
87,21955.6,0.35351,0.25287,0.78852,0.93368,0.93328,0.97277,0.93016,0.27625,0.2334,0.78017,2.53557e-05,0.000507115
88,22207.8,0.35353,0.25269,0.78844,0.93377,0.93326,0.97278,0.93019,0.27611,0.23316,0.78014,2.23803e-05,0.000447606
89,22459.4,0.35457,0.25303,0.78831,0.93375,0.93326,0.97279,0.93032,inf,0.23316,0.78012,1.9632e-05,0.00039264
90,22710.9,0.35283,0.25223,0.78839,0.93357,0.93346,0.97281,0.93037,0.27588,0.23312,0.7801,1.71135e-05,0.00034227
91,22972.9,0.31911,0.24082,0.78354,0.93366,0.93337,0.97282,0.93047,0.27584,0.2331,0.78009,1.48273e-05,0.000296546
92,23211.6,0.31675,0.23865,0.78329,0.93378,0.93328,0.97284,0.93052,inf,0.23309,0.78007,1.27757e-05,0.000255513
93,23449.9,0.31722,0.23843,0.78338,0.93388,0.93325,0.97284,0.93054,inf,0.23308,0.78006,1.09606e-05,0.000219212
94,23687.9,0.31716,0.2383,0.78332,0.93396,0.93321,0.97286,0.9306,0.2754,0.23288,0.78003,9.38391e-06,0.000187678
95,23925.7,0.31685,0.23785,0.78321,0.93375,0.93344,0.97287,0.93063,0.27535,0.23283,0.78001,8.04714e-06,0.000160943
96,24164.1,0.31607,0.23752,0.78341,0.93385,0.93336,0.97287,0.93063,0.27526,0.23259,0.77999,6.95161e-06,0.000139032
97,24402.2,0.31596,0.23732,0.78323,0.9339,0.93333,0.97288,0.93064,0.27525,0.23253,0.77998,6.09841e-06,0.000121968
98,24640.2,0.31624,0.23737,0.78322,0.93399,0.93332,0.97289,0.93071,0.27507,0.23246,0.77996,5.48838e-06,0.000109768
99,24878.9,0.31613,0.23719,0.7831,0.93401,0.93334,0.9729,0.93069,0.27508,0.23232,0.77995,5.12213e-06,0.000102443
100,25116.2,0.316,0.23704,0.78318,0.93382,0.93359,0.9729,0.93073,0.27493,0.23222,0.77994,5e-06,0.0001
